Country Name,Country Code,Series Name,Series Code,2011 [YR2011],2012 [YR2012],2013 [YR2013],2014 [YR2014],2015 [YR2015],2016 [YR2016],2017 [YR2017],2018 [YR2018],2019 [YR2019],2020 [YR2020]
Afghanistan,AFG,People using at least basic drinking water services (% of population),SH.H2O.BASW.ZS,50.9273073283,53.5317041604,56.1696450791,58.8412323272,61.5469297111,64.2864836343,67.0646234205,..,..,..
Afghanistan,AFG,People using safely managed drinking water services (% of population),SH.H2O.SMDW.ZS,..,..,..,..,..,..,..,..,..,..
Albania,ALB,People using at least basic drinking water services (% of population),SH.H2O.BASW.ZS,87.760337074,87.8604324688,89.4610878765,90.9812043833,91.001022378,91.0203701495,91.0392276676,..,..,..
Albania,ALB,People using safely managed drinking water services (% of population),SH.H2O.SMDW.ZS,63.929095881,65.9013944663,67.8933392688,69.9037022597,69.9444998724,69.9843294767,70.0231498384,..,..,..
Algeria,DZA,People using at least basic drinking water services (% of population),SH.H2O.BASW.ZS,92.616462961,92.8383506111,93.0551923509,93.2672733451,93.4745964174,93.5158509757,93.5558881437,..,..,..
Algeria,DZA,People using safely managed drinking water services (% of population),SH.H2O.SMDW.ZS,..,..,..,..,..,..,..,..,..,..
American Samoa,ASM,People using at least basic drinking water services (% of population),SH.H2O.BASW.ZS,99.3097661446,99.387100397,99.4644346493,99.5417689016,99.6191031539,99.6964374062,99.7737716585,..,..,..
American Samoa,ASM,People using safely managed drinking water services (% of population),SH.H2O.SMDW.ZS,12.5166017226,12.5263486193,12.5360955161,12.5458424128,12.5555893096,12.5653362063,12.575083103,..,..,..
Andorra,AND,People using at least basic drinking water services (% of population),SH.H2O.BASW.ZS,99.9999954452,100.0000011569,100,99.9999975924,100.0000024449,100,99.9999962827,..,..,..
Andorra,AND,People using safely managed drinking water services (% of population),SH.H2O.SMDW.ZS,90.6399958715,90.6400010486,90.64,90.6399978178,90.640002216,90.64,90.6399966306,..,..,..
Angola,AGO,People using at least basic drinking water services (% of population),SH.H2O.BASW.ZS,51.1748353521,51.9685422621,52.7573468957,53.5415088775,54.3169268979,55.0842762884,55.8429048722,..,..,..
Angola,AGO,People using safely managed drinking water services (% of population),SH.H2O.SMDW.ZS,..,..,..,..,..,..,..,..,..,..
Antigua and Barbuda,ATG,People using at least basic drinking water services (% of population),SH.H2O.BASW.ZS,96.9721984141,96.8556923452,96.7391862763,96.7391862763,96.7391862763,96.7391862763,96.7391862763,..,..,..
Antigua and Barbuda,ATG,People using safely managed drinking water services (% of population),SH.H2O.SMDW.ZS,..,..,..,..,..,..,..,..,..,..
Argentina,ARG,People using at least basic drinking water services (% of population),SH.H2O.BASW.ZS,98.6665742189,98.8607392984,98.9304118079,99.0002502968,99.0701337805,99.0783746483,..,..,..,..
Argentina,ARG,People using safely managed drinking water services (% of population),SH.H2O.SMDW.ZS,..,..,..,..,..,..,..,..,..,..
Armenia,ARM,People using at least basic drinking water services (% of population),SH.H2O.BASW.ZS,98.5952876141,98.9270428995,99.2616313658,99.5932610286,99.7344128234,99.898535575,99.9133765369,..,..,..
Armenia,ARM,People using safely managed drinking water services (% of population),SH.H2O.SMDW.ZS,65.2657313312,68.8264474223,72.3909980319,75.9612400598,79.4349773688,83.005975961,86.4763548512,..,..,..
Aruba,ABW,People using at least basic drinking water services (% of population),SH.H2O.BASW.ZS,97.5873386289,97.869023381,97.869023381,97.869023381,97.869023381,97.869023381,..,..,..,..
Aruba,ABW,People using safely managed drinking water services (% of population),SH.H2O.SMDW.ZS,..,..,..,..,..,..,..,..,..,..
Australia,AUS,People using at least basic drinking water services (% of population),SH.H2O.BASW.ZS,99.9054021743,99.9259989695,99.9464508541,99.9614811803,99.9700036257,99.9699720221,99.9699355967,..,..,..
Australia,AUS,People using safely managed drinking water services (% of population),SH.H2O.SMDW.ZS,..,..,..,..,..,..,..,..,..,..
Austria,AUT,People using at least basic drinking water services (% of population),SH.H2O.BASW.ZS,100,100,100.0000028462,100.0000028279,100.0000028131,100,100,..,..,..
Austria,AUT,People using safely managed drinking water services (% of population),SH.H2O.SMDW.ZS,98.6259438202,98.7088539326,98.7917668568,98.8746769534,98.9094252778,98.907807507,98.9062009732,..,..,..
Azerbaijan,AZE,People using at least basic drinking water services (% of population),SH.H2O.BASW.ZS,87.2939531093,87.9808685781,88.6665330684,89.3502822141,90.0316862069,90.7103154712,91.3857399437,..,..,..
Azerbaijan,AZE,People using safely managed drinking water services (% of population),SH.H2O.SMDW.ZS,70.3220182853,70.852371012,71.3873570496,71.9262809741,72.4689078151,73.0150031465,73.5643314528,..,..,..
"Bahamas, The",BHS,People using at least basic drinking water services (% of population),SH.H2O.BASW.ZS,98.7159031943,98.75866752,98.8014318458,98.8441961716,98.8869604973,98.8869604973,98.8869604973,..,..,..
"Bahamas, The",BHS,People using safely managed drinking water services (% of population),SH.H2O.SMDW.ZS,..,..,..,..,..,..,..,..,..,..
Bahrain,BHR,People using at least basic drinking water services (% of population),SH.H2O.BASW.ZS,100,100,100,100,100,100,100,..,..,..
Bahrain,BHR,People using safely managed drinking water services (% of population),SH.H2O.SMDW.ZS,98.9832621252,98.9832621252,98.9832621252,98.9832621252,98.9832621252,98.9832621252,98.9832621252,..,..,..
Bangladesh,BGD,People using at least basic drinking water services (% of population),SH.H2O.BASW.ZS,96.539660966,96.6157701028,96.6881124447,96.7567130516,96.821514356,96.8825303368,97.0160055709,..,..,..
Bangladesh,BGD,People using safely managed drinking water services (% of population),SH.H2O.SMDW.ZS,55.7110761528,55.6713649,55.6296688082,55.5854809694,55.5394594784,55.4912629603,55.441226393,..,..,..
Barbados,BRB,People using at least basic drinking water services (% of population),SH.H2O.BASW.ZS,98.434439067,98.444440486,98.4544419049,98.4644433239,98.4744447428,98.4844461618,98.4944475807,..,..,..
Barbados,BRB,People using safely managed drinking water services (% of population),SH.H2O.SMDW.ZS,..,..,..,..,..,..,..,..,..,..
Belarus,BLR,People using at least basic drinking water services (% of population),SH.H2O.BASW.ZS,97.2720429428,97.0021589004,96.7297139475,96.454785781,96.464443408,96.4741836645,96.4839711881,..,..,..
Belarus,BLR,People using safely managed drinking water services (% of population),SH.H2O.SMDW.ZS,91.2050963814,92.3205651205,93.401654757,94.4490434298,94.4733153147,94.4974324499,94.5213903014,..,..,..
Belgium,BEL,People using at least basic drinking water services (% of population),SH.H2O.BASW.ZS,99.9999991687,99.9999964206,100.000001642,100.000000544,100.0000005407,99.9999986566,100.0000033376,..,..,..
Belgium,BEL,People using safely managed drinking water services (% of population),SH.H2O.SMDW.ZS,99.5231848351,99.5231821001,99.5231872966,99.5231862039,99.5231862006,99.5231843254,99.5231889841,..,..,..
Belize,BLZ,People using at least basic drinking water services (% of population),SH.H2O.BASW.ZS,94.5876032948,95.2385560624,95.8901849047,96.5422982257,97.175595045,97.584539543,97.9925797872,..,..,..
Belize,BLZ,People using safely managed drinking water services (% of population),SH.H2O.SMDW.ZS,..,..,..,..,..,..,..,..,..,..
Benin,BEN,People using at least basic drinking water services (% of population),SH.H2O.BASW.ZS,64.9812172767,65.2627858768,65.5367577352,65.8044993017,66.0656513251,66.3202399726,66.4147253381,..,..,..
Benin,BEN,People using safely managed drinking water services (% of population),SH.H2O.SMDW.ZS,..,..,..,..,..,..,..,..,..,..
Bermuda,BMU,People using at least basic drinking water services (% of population),SH.H2O.BASW.ZS,99.9107235911,99.9031400171,99.9031400171,99.9031400171,99.9031400171,99.9031400171,99.9031400171,..,..,..
Bermuda,BMU,People using safely managed drinking water services (% of population),SH.H2O.SMDW.ZS,..,..,..,..,..,..,..,..,..,..
Bhutan,BTN,People using at least basic drinking water services (% of population),SH.H2O.BASW.ZS,93.5456264327,94.3780959437,95.1911810922,95.9852234633,96.8125041769,97.2076254256,97.2333833352,..,..,..
Bhutan,BTN,People using safely managed drinking water services (% of population),SH.H2O.SMDW.ZS,34.0588222084,34.4884688437,34.9106872646,35.3253453131,35.723965149,35.9973189576,36.1631110706,..,..,..
Bolivia,BOL,People using at least basic drinking water services (% of population),SH.H2O.BASW.ZS,88.6618992928,89.3995873136,90.1129125248,90.8089331469,91.4968326985,92.176899202,92.8487351793,..,..,..
Bolivia,BOL,People using safely managed drinking water services (% of population),SH.H2O.SMDW.ZS,..,..,..,..,..,..,..,..,..,..
Bosnia and Herzegovina,BIH,People using at least basic drinking water services (% of population),SH.H2O.BASW.ZS,96.5948668246,96.4500304384,96.3520022855,96.1681279466,96.1598440895,96.151261805,96.142356085,..,..,..
Bosnia and Herzegovina,BIH,People using safely managed drinking water services (% of population),SH.H2O.SMDW.ZS,88.6503365799,88.7022923556,88.797680113,88.8171851443,88.8251276085,88.8333562014,88.8418949004,..,..,..
Botswana,BWA,People using at least basic drinking water services (% of population),SH.H2O.BASW.ZS,84.3369740524,85.422834008,86.455587947,87.4634180802,88.4462846387,89.4044400847,90.3377133594,..,..,..
Botswana,BWA,People using safely managed drinking water services (% of population),SH.H2O.SMDW.ZS,..,..,..,..,..,..,..,..,..,..
Brazil,BRA,People using at least basic drinking water services (% of population),SH.H2O.BASW.ZS,96.5664726031,96.7983889597,97.0248468579,97.2463708001,97.6059152092,97.8479856205,98.1933926746,..,..,..
Brazil,BRA,People using safely managed drinking water services (% of population),SH.H2O.SMDW.ZS,..,..,..,..,..,..,..,..,..,..
British Virgin Islands,VGB,People using at least basic drinking water services (% of population),SH.H2O.BASW.ZS,99.4842465753,99.8643835616,99.8643835616,99.8643835616,99.8643835616,99.8643835616,99.8643835616,..,..,..
British Virgin Islands,VGB,People using safely managed drinking water services (% of population),SH.H2O.SMDW.ZS,..,..,..,..,..,..,..,..,..,..
Brunei Darussalam,BRN,People using at least basic drinking water services (% of population),SH.H2O.BASW.ZS,99.9000090901,99.9000090901,99.9000090901,99.9000090901,99.9000090901,99.9000090901,99.9000090901,..,..,..
Brunei Darussalam,BRN,People using safely managed drinking water services (% of population),SH.H2O.SMDW.ZS,..,..,..,..,..,..,..,..,..,..
Bulgaria,BGR,People using at least basic drinking water services (% of population),SH.H2O.BASW.ZS,99.354926845,99.3125728565,99.2707184969,99.2293620664,99.1885180609,99.1481753394,99.1083428249,..,..,..
Bulgaria,BGR,People using safely managed drinking water services (% of population),SH.H2O.SMDW.ZS,96.9524300901,97.0742566312,97.0345580007,97.0116481887,96.9892616249,96.9673381433,96.9459351945,..,..,..
Burkina Faso,BFA,People using at least basic drinking water services (% of population),SH.H2O.BASW.ZS,50.3668360384,49.920888725,49.4873667703,49.0671799962,48.6604569224,48.2677168843,47.8881273383,..,..,..
Burkina Faso,BFA,People using safely managed drinking water services (% of population),SH.H2O.SMDW.ZS,..,..,..,..,..,..,..,..,..,..
Burundi,BDI,People using at least basic drinking water services (% of population),SH.H2O.BASW.ZS,57.127661609,57.7354344073,58.3474079885,58.9625393205,59.5814674031,60.2041520314,60.830548921,..,..,..
Burundi,BDI,People using safely managed drinking water services (% of population),SH.H2O.SMDW.ZS,..,..,..,..,..,..,..,..,..,..
Cabo Verde,CPV,People using at least basic drinking water services (% of population),SH.H2O.BASW.ZS,83.511761669,84.0128953985,84.5182393502,85.027754925,85.8788169478,86.4879869932,87.0832080133,..,..,..
Cabo Verde,CPV,People using safely managed drinking water services (% of population),SH.H2O.SMDW.ZS,..,..,..,..,..,..,..,..,..,..
Cambodia,KHM,People using at least basic drinking water services (% of population),SH.H2O.BASW.ZS,69.1181915867,70.6847513005,72.2505939403,73.8161514524,75.3811058061,76.9453742461,78.5106569314,..,..,..
Cambodia,KHM,People using safely managed drinking water services (% of population),SH.H2O.SMDW.ZS,22.3206205575,22.8952670547,23.4746366747,24.0595507108,24.6496989048,25.2451426949,25.8455487851,..,..,..
Cameroon,CMR,People using at least basic drinking water services (% of population),SH.H2O.BASW.ZS,60.2708151465,60.2779866729,60.2698802794,60.2466800391,60.2085656353,60.1557203676,60.3848639474,..,..,..
Cameroon,CMR,People using safely managed drinking water services (% of population),SH.H2O.SMDW.ZS,..,..,..,..,..,..,..,..,..,..
Canada,CAN,People using at least basic drinking water services (% of population),SH.H2O.BASW.ZS,99.2943621628,99.3180832345,99.3417647933,99.365408677,99.3890338401,99.412623806,99.4362440848,..,..,..
Canada,CAN,People using safely managed drinking water services (% of population),SH.H2O.SMDW.ZS,98.5766750624,98.6241377885,98.6715471146,98.7188965252,98.7662217179,98.8134976105,98.8608540487,..,..,..
Cayman Islands,CYM,People using at least basic drinking water services (% of population),SH.H2O.BASW.ZS,96.125,96.125,96.125,96.125,96.125,96.125,..,..,..,..
Cayman Islands,CYM,People using safely managed drinking water services (% of population),SH.H2O.SMDW.ZS,..,..,..,..,..,..,..,..,..,..
Central African Republic,CAF,People using at least basic drinking water services (% of population),SH.H2O.BASW.ZS,46.9829120084,45.9525792925,46.0378020717,46.1295343188,46.2280819501,46.3337584314,..,..,..,..
Central African Republic,CAF,People using safely managed drinking water services (% of population),SH.H2O.SMDW.ZS,..,..,..,..,..,..,..,..,..,..
Chad,TCD,People using at least basic drinking water services (% of population),SH.H2O.BASW.ZS,39.6516727199,39.4863842737,39.3238946204,39.1640248048,39.0069926404,38.852590777,38.7005994294,..,..,..
Chad,TCD,People using safely managed drinking water services (% of population),SH.H2O.SMDW.ZS,..,..,..,..,..,..,..,..,..,..
Channel Islands,CHI,People using at least basic drinking water services (% of population),SH.H2O.BASW.ZS,94.15,94.15,94.15,94.15,94.15,94.15,94.15,..,..,..
Channel Islands,CHI,People using safely managed drinking water services (% of population),SH.H2O.SMDW.ZS,91.975,91.975,91.975,91.975,91.975,91.975,91.975,..,..,..
Chile,CHL,People using at least basic drinking water services (% of population),SH.H2O.BASW.ZS,98.6586752589,98.909357546,99.1583042882,99.4000682593,99.6008875958,99.6221801777,99.8327911984,..,..,..
Chile,CHL,People using safely managed drinking water services (% of population),SH.H2O.SMDW.ZS,97.0114325951,97.4713290545,97.933847329,98.3100664136,98.4758020065,98.4639654417,98.6391697264,..,..,..
China,CHN,People using at least basic drinking water services (% of population),SH.H2O.BASW.ZS,89.1926903219,89.8685034515,90.5171123161,91.1393447914,91.7349177837,92.3040465732,92.846135513,..,..,..
China,CHN,People using safely managed drinking water services (% of population),SH.H2O.SMDW.ZS,..,..,..,..,..,..,..,..,..,..
Colombia,COL,People using at least basic drinking water services (% of population),SH.H2O.BASW.ZS,95.3039553045,95.6581222446,96.0055453903,96.3463531306,96.6808465694,96.9618058236,97.3001096098,..,..,..
Colombia,COL,People using safely managed drinking water services (% of population),SH.H2O.SMDW.ZS,71.8429042044,72.0929294147,72.337103524,72.5754898171,72.8085854511,72.997897911,73.2334257422,..,..,..
Comoros,COM,People using at least basic drinking water services (% of population),SH.H2O.BASW.ZS,82.597879552,81.7949141109,80.9975655633,80.2060348892,80.1320028703,80.148853498,80.1675168711,..,..,..
Comoros,COM,People using safely managed drinking water services (% of population),SH.H2O.SMDW.ZS,..,..,..,..,..,..,..,..,..,..
"Congo, Dem. Rep.",COD,People using at least basic drinking water services (% of population),SH.H2O.BASW.ZS,40.0774092316,40.6537405883,41.2318608934,41.8120913442,42.3937820673,42.9767673865,43.2433220399,..,..,..
"Congo, Dem. Rep.",COD,People using safely managed drinking water services (% of population),SH.H2O.SMDW.ZS,..,..,..,..,..,..,..,..,..,..
"Congo, Rep.",COG,People using at least basic drinking water services (% of population),SH.H2O.BASW.ZS,66.952176026,68.0075720308,69.0595391885,70.1070442779,71.1495847497,72.1866564157,73.2177609739,..,..,..
"Congo, Rep.",COG,People using safely managed drinking water services (% of population),SH.H2O.SMDW.ZS,41.3869007294,42.4285810364,43.0132418001,43.598521419,44.1840939164,44.7696323383,45.3548130732,..,..,..
Costa Rica,CRI,People using at least basic drinking water services (% of population),SH.H2O.BASW.ZS,98.498778857,98.7810640687,99.0461362174,99.2951997674,99.5289827873,99.699763719,99.701513913,..,..,..
Costa Rica,CRI,People using safely managed drinking water services (% of population),SH.H2O.SMDW.ZS,92.0944948722,92.4650667859,92.8147978585,93.1448175069,93.4560315526,93.7039007289,93.8027969901,..,..,..
Cote d'Ivoire,CIV,People using at least basic drinking water services (% of population),SH.H2O.BASW.ZS,72.210715142,72.3254612415,72.4372057542,72.5459564381,72.6544633892,72.7620467388,72.86894644,..,..,..
Cote d'Ivoire,CIV,People using safely managed drinking water services (% of population),SH.H2O.SMDW.ZS,35.6108401341,35.769512134,35.9260366444,36.0804195546,36.2360745327,36.3921924022,36.5491037137,..,..,..
Croatia,HRV,People using at least basic drinking water services (% of population),SH.H2O.BASW.ZS,99.3463603564,99.4275271755,99.507755605,99.5869117005,99.5868400925,99.5867545554,99.5866665553,..,..,..
Croatia,HRV,People using safely managed drinking water services (% of population),SH.H2O.SMDW.ZS,92.2015655551,91.7846472587,91.3660636669,90.9457063951,90.4526045135,89.9594907584,89.9594112655,..,..,..
Cuba,CUB,People using at least basic drinking water services (% of population),SH.H2O.BASW.ZS,94.6480270727,94.788442732,94.9238055967,95.0577113211,95.1913358641,95.324523385,95.327582308,..,..,..
Cuba,CUB,People using safely managed drinking water services (% of population),SH.H2O.SMDW.ZS,..,..,..,..,..,..,..,..,..,..
Curacao,CUW,People using at least basic drinking water services (% of population),SH.H2O.BASW.ZS,99.3727452154,99.4352485315,99.4977518475,99.4977518475,99.4977518475,99.4977518475,99.4977518475,..,..,..
Curacao,CUW,People using safely managed drinking water services (% of population),SH.H2O.SMDW.ZS,..,..,..,..,..,..,..,..,..,..
Cyprus,CYP,People using at least basic drinking water services (% of population),SH.H2O.BASW.ZS,99.7314931281,99.7018832154,99.6722769589,99.6426756402,99.6130676542,99.613199365,99.6132861489,..,..,..
Cyprus,CYP,People using safely managed drinking water services (% of population),SH.H2O.SMDW.ZS,99.0024215232,99.4560665033,99.6722769589,99.6426756402,99.6130676542,99.613199365,99.6132861489,..,..,..
Czech Republic,CZE,People using at least basic drinking water services (% of population),SH.H2O.BASW.ZS,99.8623374584,99.8681874376,99.8741097371,99.8800158936,99.8800926861,99.8801694879,99.8802587969,..,..,..
Czech Republic,CZE,People using safely managed drinking water services (% of population),SH.H2O.SMDW.ZS,97.5133377701,97.6355782411,97.7582259632,97.8804463863,97.8807221781,97.8809979956,97.8813119508,..,..,..
Denmark,DNK,People using at least basic drinking water services (% of population),SH.H2O.BASW.ZS,99.999995627,99.9999967365,100.0000032478,100.0000021552,99.9999967812,99.9999989314,99.9999989355,..,..,..
Denmark,DNK,People using safely managed drinking water services (% of population),SH.H2O.SMDW.ZS,96.3244210751,96.635801444,96.7397911423,96.7384920368,96.737210878,96.7359369825,96.7346719358,..,..,..
Djibouti,DJI,People using at least basic drinking water services (% of population),SH.H2O.BASW.ZS,75.5192512239,75.5274241403,75.539885043,75.5561018677,75.5772729608,75.6025127502,75.6323076781,..,..,..
Djibouti,DJI,People using safely managed drinking water services (% of population),SH.H2O.SMDW.ZS,..,..,..,..,..,..,..,..,..,..
Dominica,DMA,People using at least basic drinking water services (% of population),SH.H2O.BASW.ZS,96.5,96.5,96.5,96.5,96.5,..,..,..,..,..
Dominica,DMA,People using safely managed drinking water services (% of population),SH.H2O.SMDW.ZS,..,..,..,..,..,..,..,..,..,..
Dominican Republic,DOM,People using at least basic drinking water services (% of population),SH.H2O.BASW.ZS,94.7766536511,95.1307670712,95.471810309,95.8003702932,96.1169157134,96.5763681047,96.6902247502,..,..,..
Dominican Republic,DOM,People using safely managed drinking water services (% of population),SH.H2O.SMDW.ZS,..,..,..,..,..,..,..,..,..,..
Ecuador,ECU,People using at least basic drinking water services (% of population),SH.H2O.BASW.ZS,90.2433154029,90.9479421824,91.6529985119,92.3582986543,93.0537796798,93.6820477408,93.9945365448,..,..,..
Ecuador,ECU,People using safely managed drinking water services (% of population),SH.H2O.SMDW.ZS,72.2746810863,72.7978481534,73.3209818664,73.8438026304,74.3668655599,74.8514112329,75.0680124164,..,..,..
"Egypt, Arab Rep.",EGY,People using at least basic drinking water services (% of population),SH.H2O.BASW.ZS,98.67192993,98.7437715069,98.8157949674,98.8879758353,98.9603270743,99.0328567825,99.1057304582,..,..,..
"Egypt, Arab Rep.",EGY,People using safely managed drinking water services (% of population),SH.H2O.SMDW.ZS,..,..,..,..,..,..,..,..,..,..
El Salvador,SLV,People using at least basic drinking water services (% of population),SH.H2O.BASW.ZS,91.1193321659,92.3860985869,93.6268378556,94.8416789907,96.0303446016,97.0638562515,97.3883749715,..,..,..
El Salvador,SLV,People using safely managed drinking water services (% of population),SH.H2O.SMDW.ZS,..,..,..,..,..,..,..,..,..,..
Equatorial Guinea,GNQ,People using at least basic drinking water services (% of population),SH.H2O.BASW.ZS,61.6296099956,62.8538913279,63.671514928,63.9264758629,64.1785981036,64.4255187244,64.6658178126,..,..,..
Equatorial Guinea,GNQ,People using safely managed drinking water services (% of population),SH.H2O.SMDW.ZS,..,..,..,..,..,..,..,..,..,..
Eritrea,ERI,People using at least basic drinking water services (% of population),SH.H2O.BASW.ZS,50.150527254,50.3291758428,50.7051296928,51.0835630478,51.4650924109,51.849718417,..,..,..,..
Eritrea,ERI,People using safely managed drinking water services (% of population),SH.H2O.SMDW.ZS,..,..,..,..,..,..,..,..,..,..
Estonia,EST,People using at least basic drinking water services (% of population),SH.H2O.BASW.ZS,99.5722530826,99.6172946194,99.6635589369,99.709412647,99.710536805,99.7116540274,99.7128268353,..,..,..
Estonia,EST,People using safely managed drinking water services (% of population),SH.H2O.SMDW.ZS,95.1006134944,94.8269557959,94.5541718228,94.2807054558,93.9647955104,93.6488719039,93.3329932233,..,..,..
Eswatini,SWZ,People using at least basic drinking water services (% of population),SH.H2O.BASW.ZS,63.8233123478,64.8642108719,65.8969784322,66.9212779896,67.9375222075,68.9482924345,69.0086551447,..,..,..
Eswatini,SWZ,People using safely managed drinking water services (% of population),SH.H2O.SMDW.ZS,..,..,..,..,..,..,..,..,..,..
Ethiopia,ETH,People using at least basic drinking water services (% of population),SH.H2O.BASW.ZS,34.3226768814,35.5569376351,36.7398330618,37.8814904844,38.9817333851,40.0414232119,41.0599521348,..,..,..
Ethiopia,ETH,People using safely managed drinking water services (% of population),SH.H2O.SMDW.ZS,8.3034622639,8.7765356108,9.2661968587,9.7784067735,10.3124430679,10.8682588688,11.4447731633,..,..,..
Faroe Islands,FRO,People using at least basic drinking water services (% of population),SH.H2O.BASW.ZS,100,100,100,100,100,100,100,..,..,..
Faroe Islands,FRO,People using safely managed drinking water services (% of population),SH.H2O.SMDW.ZS,..,..,..,..,..,..,..,..,..,..
Fiji,FJI,People using at least basic drinking water services (% of population),SH.H2O.BASW.ZS,94.0420477538,93.9815032207,93.9213392097,93.8618196116,93.8029451963,93.7446242001,93.7909192828,..,..,..
Fiji,FJI,People using safely managed drinking water services (% of population),SH.H2O.SMDW.ZS,..,..,..,..,..,..,..,..,..,..
Finland,FIN,People using at least basic drinking water services (% of population),SH.H2O.BASW.ZS,100.0000011325,100.0000045103,99.9999977547,100,100.0000011134,100.0000022182,100.0000022101,..,..,..
Finland,FIN,People using safely managed drinking water services (% of population),SH.H2O.SMDW.ZS,98.996668334,99.5895254374,99.6281227575,99.6293750838,99.6306260859,99.6318772651,99.6331271382,..,..,..
France,FRA,People using at least basic drinking water services (% of population),SH.H2O.BASW.ZS,99.9821779188,99.988961152,99.9955853466,99.9999984787,100.0000030301,100.0000015089,100.0000015029,..,..,..
France,FRA,People using safely managed drinking water services (% of population),SH.H2O.SMDW.ZS,97.4168037682,97.4933368984,97.5697243354,97.643962068,97.7138981772,97.7838283547,97.8537600128,..,..,..
French Polynesia,PYF,People using at least basic drinking water services (% of population),SH.H2O.BASW.ZS,100,100,100,100,100,100,100,..,..,..
French Polynesia,PYF,People using safely managed drinking water services (% of population),SH.H2O.SMDW.ZS,..,..,..,..,..,..,..,..,..,..
Gabon,GAB,People using at least basic drinking water services (% of population),SH.H2O.BASW.ZS,84.2953839413,84.5558662874,84.7921999403,85.0029338177,85.4748018423,85.6270468713,85.7710036557,..,..,..
Gabon,GAB,People using safely managed drinking water services (% of population),SH.H2O.SMDW.ZS,..,..,..,..,..,..,..,..,..,..
"Gambia, The",GMB,People using at least basic drinking water services (% of population),SH.H2O.BASW.ZS,76.7923229873,76.998762029,77.2125286051,77.4333019283,77.6607395519,77.8272376732,77.9915668247,..,..,..
"Gambia, The",GMB,People using safely managed drinking water services (% of population),SH.H2O.SMDW.ZS,..,..,..,..,..,..,..,..,..,..
Georgia,GEO,People using at least basic drinking water services (% of population),SH.H2O.BASW.ZS,96.0088782857,96.2782419662,96.544758806,97.6414520548,97.9140849592,98.1705496662,98.3944393545,..,..,..
Georgia,GEO,People using safely managed drinking water services (% of population),SH.H2O.SMDW.ZS,78.7487186005,78.966014532,79.1809712472,79.3936942652,79.6041510718,79.8126568786,79.9946791952,..,..,..
Germany,DEU,People using at least basic drinking water services (% of population),SH.H2O.BASW.ZS,100,100,100.0000024034,100,100,100,100,..,..,..
Germany,DEU,People using safely managed drinking water services (% of population),SH.H2O.SMDW.ZS,99.8,99.8,99.8000023986,99.8,99.8,99.8,99.8,..,..,..
Ghana,GHA,People using at least basic drinking water services (% of population),SH.H2O.BASW.ZS,75.3718103483,76.3817829569,77.3929942467,78.4056161256,79.4198192691,80.4357731313,81.4533896761,..,..,..
Ghana,GHA,People using safely managed drinking water services (% of population),SH.H2O.SMDW.ZS,26.8747747731,28.3931994315,29.9403155169,31.5159400151,33.1198924294,34.7519949385,36.4116127605,..,..,..
Gibraltar,GIB,People using at least basic drinking water services (% of population),SH.H2O.BASW.ZS,100,100,100,100,100,100,100,..,..,..
Gibraltar,GIB,People using safely managed drinking water services (% of population),SH.H2O.SMDW.ZS,100,100,100,100,100,100,100,..,..,..
Greece,GRC,People using at least basic drinking water services (% of population),SH.H2O.BASW.ZS,99.9583947992,99.987912291,100,99.9999956654,100.0000021764,99.999997817,100,..,..,..
Greece,GRC,People using safely managed drinking water services (% of population),SH.H2O.SMDW.ZS,99.8921430301,99.9673101484,100,99.9999956654,100.0000021764,99.999997817,100,..,..,..
Greenland,GRL,People using at least basic drinking water services (% of population),SH.H2O.BASW.ZS,100.0000016864,99.9999983112,100.0000016905,99.9999991543,100,99.9999991547,99.9999974672,..,..,..
Greenland,GRL,People using safely managed drinking water services (% of population),SH.H2O.SMDW.ZS,96.3244269117,96.6358029657,96.7589406027,96.756056144,96.7532190099,96.7504132276,96.7476835853,..,..,..
Grenada,GRD,People using at least basic drinking water services (% of population),SH.H2O.BASW.ZS,95.8631024746,95.9713888869,95.6286504436,95.6286504436,95.6286504436,95.6286504436,95.6286504436,..,..,..
Grenada,GRD,People using safely managed drinking water services (% of population),SH.H2O.SMDW.ZS,87.3288481889,87.4274943564,87.1152683517,87.1152683517,87.1152683517,87.1152683517,87.1152683517,..,..,..
Guam,GUM,People using at least basic drinking water services (% of population),SH.H2O.BASW.ZS,99.6706,99.6952,99.6952,99.6952,99.6952,99.6952,99.6952,..,..,..
Guam,GUM,People using safely managed drinking water services (% of population),SH.H2O.SMDW.ZS,99.5210878469,99.5411734842,99.5411734842,99.5411734842,99.5411734842,99.5411734842,99.5411734842,..,..,..
Guatemala,GTM,People using at least basic drinking water services (% of population),SH.H2O.BASW.ZS,91.3289718123,91.8125991349,92.2937504172,92.7722556312,93.2481165045,93.7208920502,94.190580738,..,..,..
Guatemala,GTM,People using safely managed drinking water services (% of population),SH.H2O.SMDW.ZS,52.7609482783,53.3313787834,53.906622201,54.4867911144,55.0723889725,55.6629525728,55.9907816865,..,..,..
Guinea,GIN,People using at least basic drinking water services (% of population),SH.H2O.BASW.ZS,62.9012095301,62.7822779701,62.6418633571,62.4801998535,62.3021655082,62.1081900673,61.8987230774,..,..,..
Guinea,GIN,People using safely managed drinking water services (% of population),SH.H2O.SMDW.ZS,..,..,..,..,..,..,..,..,..,..
Guinea-Bissau,GNB,People using at least basic drinking water services (% of population),SH.H2O.BASW.ZS,62.5173383325,63.3234959143,64.1255090528,64.9236884431,65.7180338535,66.5082340048,66.6344142283,..,..,..
Guinea-Bissau,GNB,People using safely managed drinking water services (% of population),SH.H2O.SMDW.ZS,..,..,..,..,..,..,..,..,..,..
Guyana,GUY,People using at least basic drinking water services (% of population),SH.H2O.BASW.ZS,93.114528346,93.6056971662,94.0973538327,94.7388554649,95.1618569677,95.5363514082,95.5397476791,..,..,..
Guyana,GUY,People using safely managed drinking water services (% of population),SH.H2O.SMDW.ZS,..,..,..,..,..,..,..,..,..,..
Haiti,HTI,People using at least basic drinking water services (% of population),SH.H2O.BASW.ZS,62.6818043251,63.1596589152,63.6326928742,64.1022376067,64.5674850842,65.0230172994,65.4668259265,..,..,..
Haiti,HTI,People using safely managed drinking water services (% of population),SH.H2O.SMDW.ZS,..,..,..,..,..,..,..,..,..,..
Honduras,HND,People using at least basic drinking water services (% of population),SH.H2O.BASW.ZS,91.5007574468,92.0679823464,92.6279168245,93.1809772478,93.7373063016,94.2860317378,94.8271094382,..,..,..
Honduras,HND,People using safely managed drinking water services (% of population),SH.H2O.SMDW.ZS,..,..,..,..,..,..,..,..,..,..
"Hong Kong SAR, China",HKG,People using at least basic drinking water services (% of population),SH.H2O.BASW.ZS,99.7110184372,99.802405619,99.8937928007,99.9851799824,100,100,100,..,..,..
"Hong Kong SAR, China",HKG,People using safely managed drinking water services (% of population),SH.H2O.SMDW.ZS,98.977849184,99.6960767686,99.8326553042,99.9693167039,100,100,100,..,..,..
Hungary,HUN,People using at least basic drinking water services (% of population),SH.H2O.BASW.ZS,99.9693801574,99.9696970224,99.9699787747,99.9702495632,99.9705267781,99.9708074609,99.9999974887,..,..,..
Hungary,HUN,People using safely managed drinking water services (% of population),SH.H2O.SMDW.ZS,72.815339505,75.6039120871,78.3924748113,81.1810443494,83.9696343909,86.758242906,89.5727619782,..,..,..
Iceland,ISL,People using at least basic drinking water services (% of population),SH.H2O.BASW.ZS,99.9999964615,99.9999970704,99.9999988335,100.0000029035,99.9999976898,99.9999988526,99.9999994307,..,..,..
Iceland,ISL,People using safely managed drinking water services (% of population),SH.H2O.SMDW.ZS,96.4358226746,97.0627471564,97.6896727735,98.3166006807,98.9435194533,99.5704445097,99.9999994307,..,..,..
India,IND,People using at least basic drinking water services (% of population),SH.H2O.BASW.ZS,87.7641605594,88.5846101737,89.404616499,90.2239525929,91.042284549,91.859275346,92.6746425707,..,..,..
India,IND,People using safely managed drinking water services (% of population),SH.H2O.SMDW.ZS,..,..,..,..,..,..,..,..,..,..
Indonesia,IDN,People using at least basic drinking water services (% of population),SH.H2O.BASW.ZS,85.0689725013,85.8062530144,86.5334344072,87.2510582276,87.9587334503,88.6565339751,89.3440122284,..,..,..
Indonesia,IDN,People using safely managed drinking water services (% of population),SH.H2O.SMDW.ZS,..,..,..,..,..,..,..,..,..,..
"Iran, Islamic Rep.",IRN,People using at least basic drinking water services (% of population),SH.H2O.BASW.ZS,95.1009450388,95.0854021531,95.068753602,95.1135583842,95.1577790703,95.2014944664,95.24454488,..,..,..
"Iran, Islamic Rep.",IRN,People using safely managed drinking water services (% of population),SH.H2O.SMDW.ZS,91.5237867297,91.5321257992,91.5387419886,91.6041313462,91.6686670824,91.7324665461,91.7952932363,..,..,..
Iraq,IRQ,People using at least basic drinking water services (% of population),SH.H2O.BASW.ZS,90.9286216404,91.8771542178,92.8196465624,93.7562893313,94.6870765749,95.6129732711,96.5334783341,..,..,..
Iraq,IRQ,People using safely managed drinking water services (% of population),SH.H2O.SMDW.ZS,55.7058296586,56.2339829685,56.7588553916,57.2806805381,57.7994569437,58.3170402421,58.8333265989,..,..,..
Ireland,IRL,People using at least basic drinking water services (% of population),SH.H2O.BASW.ZS,97.3250705305,97.3370773445,97.3489205019,97.3605988961,97.3721279903,97.383477389,97.3945446116,..,..,..
Ireland,IRL,People using safely managed drinking water services (% of population),SH.H2O.SMDW.ZS,96.1766549233,96.4604269841,96.7441034861,97.027681955,97.2998391417,97.311464353,97.3228242792,..,..,..
Isle of Man,IMN,People using at least basic drinking water services (% of population),SH.H2O.BASW.ZS,99.075,99.075,99.075,99.075,99.075,99.075,99.075,..,..,..
Isle of Man,IMN,People using safely managed drinking water services (% of population),SH.H2O.SMDW.ZS,97.2075649516,97.2075649516,97.2075649516,97.2075649516,97.2075649516,97.2075649516,97.2075649516,..,..,..
Israel,ISR,People using at least basic drinking water services (% of population),SH.H2O.BASW.ZS,100.0000008064,99.9999976217,99.9999976588,99.9999976943,100.0000015137,99.9999992549,100.0000014669,..,..,..
Israel,ISR,People using safely managed drinking water services (% of population),SH.H2O.SMDW.ZS,99.7018521184,99.6484106651,99.5950093255,99.5416458931,99.4883256443,99.4350402404,99.3818036813,..,..,..
Italy,ITA,People using at least basic drinking water services (% of population),SH.H2O.BASW.ZS,99.5790803223,99.5333280401,99.4876503004,99.4420143661,99.4422539664,99.4424943429,99.4427338843,..,..,..
Italy,ITA,People using safely managed drinking water services (% of population),SH.H2O.SMDW.ZS,92.3359321686,92.8600457177,93.3837083973,93.9068905651,94.4731363584,95.0393856211,95.0396145561,..,..,..
Jamaica,JAM,People using at least basic drinking water services (% of population),SH.H2O.BASW.ZS,90.8981484605,90.5337203311,90.1701423523,90.318517763,90.4677659859,90.6179199822,90.6484361807,..,..,..
Jamaica,JAM,People using safely managed drinking water services (% of population),SH.H2O.SMDW.ZS,..,..,..,..,..,..,..,..,..,..
Japan,JPN,People using at least basic drinking water services (% of population),SH.H2O.BASW.ZS,98.7689583333,98.8091666667,98.849375,98.8895833333,98.9297916667,98.97,99.0102083333,..,..,..
Japan,JPN,People using safely managed drinking water services (% of population),SH.H2O.SMDW.ZS,98.1817534279,98.2270682281,98.2723873789,98.3177108801,98.3630387318,98.408370934,98.4537074867,..,..,..
Jordan,JOR,People using at least basic drinking water services (% of population),SH.H2O.BASW.ZS,99.1115638965,99.0881023438,99.0636845846,99.0384203855,99.0047785789,98.9710548944,98.9372226482,..,..,..
Jordan,JOR,People using safely managed drinking water services (% of population),SH.H2O.SMDW.ZS,93.897751387,93.8998687085,93.8993078797,93.8963668771,93.8706177104,93.8446422738,93.8183435909,..,..,..
Kazakhstan,KAZ,People using at least basic drinking water services (% of population),SH.H2O.BASW.ZS,91.9215902616,92.6343137932,93.3048073256,93.8823580132,94.4620705912,95.0438082787,95.6275072213,..,..,..
Kazakhstan,KAZ,People using safely managed drinking water services (% of population),SH.H2O.SMDW.ZS,77.4911021784,79.5518609343,81.5864989654,83.5464159728,85.5208885175,87.5095624284,89.5122514262,..,..,..
Kenya,KEN,People using at least basic drinking water services (% of population),SH.H2O.BASW.ZS,55.0138087173,55.6777193974,56.3369312494,56.990404118,57.6382970343,58.2803541915,58.916333389,..,..,..
Kenya,KEN,People using safely managed drinking water services (% of population),SH.H2O.SMDW.ZS,..,..,..,..,..,..,..,..,..,..
Kiribati,KIR,People using at least basic drinking water services (% of population),SH.H2O.BASW.ZS,63.9965420177,65.2664478678,66.5363537179,67.8062595681,69.0761654182,70.3460712683,71.6159771185,..,..,..
Kiribati,KIR,People using safely managed drinking water services (% of population),SH.H2O.SMDW.ZS,..,..,..,..,..,..,..,..,..,..
"Korea, Dem. People’s Rep.",PRK,People using at least basic drinking water services (% of population),SH.H2O.BASW.ZS,96.6502058431,96.2883271422,95.9284719766,95.5706764011,95.2148815949,94.8621012766,94.5124528157,..,..,..
"Korea, Dem. People’s Rep.",PRK,People using safely managed drinking water services (% of population),SH.H2O.SMDW.ZS,67.6636228149,67.4865170026,67.3101582886,67.1348069893,66.9601923568,66.7906723505,66.6258224741,..,..,..
"Korea, Rep.",KOR,People using at least basic drinking water services (% of population),SH.H2O.BASW.ZS,99.1141380566,99.2263908803,99.3386437039,99.4508965276,99.5631493513,99.675402175,99.7876549987,..,..,..
"Korea, Rep.",KOR,People using safely managed drinking water services (% of population),SH.H2O.SMDW.ZS,97.9410566941,98.010158832,98.0046676313,97.9989134383,97.992896253,98.1033786893,98.2138611256,..,..,..
Kosovo,XKX,People using at least basic drinking water services (% of population),SH.H2O.BASW.ZS,..,..,..,..,..,..,..,..,..,..
Kosovo,XKX,People using safely managed drinking water services (% of population),SH.H2O.SMDW.ZS,..,..,..,..,..,..,..,..,..,..
Kuwait,KWT,People using at least basic drinking water services (% of population),SH.H2O.BASW.ZS,100,100,100,100,100,100,100,..,..,..
Kuwait,KWT,People using safely managed drinking water services (% of population),SH.H2O.SMDW.ZS,100,100,100,100,100,100,100,..,..,..
Kyrgyz Republic,KGZ,People using at least basic drinking water services (% of population),SH.H2O.BASW.ZS,85.3298783523,85.7973814125,86.2675868302,86.7314927602,87.0785157285,87.4269556817,87.4559028992,..,..,..
Kyrgyz Republic,KGZ,People using safely managed drinking water services (% of population),SH.H2O.SMDW.ZS,59.0134308573,60.834365256,62.6844136687,64.5547811456,66.3391842635,68.1477002905,68.2233199904,..,..,..
Lao PDR,LAO,People using at least basic drinking water services (% of population),SH.H2O.BASW.ZS,70.0741363806,72.0705630713,74.0554409132,76.0292334655,77.9914153104,79.9419019926,82.0618968647,..,..,..
Lao PDR,LAO,People using safely managed drinking water services (% of population),SH.H2O.SMDW.ZS,13.6967375153,14.0929660488,14.4894678635,14.8867079506,15.2845245544,15.6830678058,16.081865845,..,..,..
Latvia,LVA,People using at least basic drinking water services (% of population),SH.H2O.BASW.ZS,98.3172707984,98.3689170196,98.4204850717,98.4719581894,98.5233594898,98.5747863718,98.6261823719,..,..,..
Latvia,LVA,People using safely managed drinking water services (% of population),SH.H2O.SMDW.ZS,93.965915946,94.169179768,94.3725824278,94.5760094438,94.7796805289,94.9847143023,95.1908583414,..,..,..
Lebanon,LBN,People using at least basic drinking water services (% of population),SH.H2O.BASW.ZS,90.4278478207,90.885433963,91.3430201053,91.8006062476,92.2581923899,92.6,92.6,..,..,..
Lebanon,LBN,People using safely managed drinking water services (% of population),SH.H2O.SMDW.ZS,46.5810835966,46.8167948168,47.052506037,47.2882172571,47.5239284773,47.7,47.7,..,..,..
Lesotho,LSO,People using at least basic drinking water services (% of population),SH.H2O.BASW.ZS,68.0693208837,68.1600414307,68.261030216,68.3727020425,68.4954980427,68.628911789,68.6499375846,..,..,..
Lesotho,LSO,People using safely managed drinking water services (% of population),SH.H2O.SMDW.ZS,..,..,..,..,..,..,..,..,..,..
Liberia,LBR,People using at least basic drinking water services (% of population),SH.H2O.BASW.ZS,69.8435929346,70.3789191079,70.9073634337,71.4284276157,71.9423144651,72.4490013718,72.9480309494,..,..,..
Liberia,LBR,People using safely managed drinking water services (% of population),SH.H2O.SMDW.ZS,..,..,..,..,..,..,..,..,..,..
Libya,LBY,People using at least basic drinking water services (% of population),SH.H2O.BASW.ZS,94.0815789474,94.9710526316,95.8605263158,96.75,97.6394736842,98.5289473684,98.5289473684,..,..,..
Libya,LBY,People using safely managed drinking water services (% of population),SH.H2O.SMDW.ZS,..,..,..,..,..,..,..,..,..,..
Liechtenstein,LIE,People using at least basic drinking water services (% of population),SH.H2O.BASW.ZS,100,100,100,100,100,100,100,..,..,..
Liechtenstein,LIE,People using safely managed drinking water services (% of population),SH.H2O.SMDW.ZS,100,100,100,100,100,100,100,..,..,..
Lithuania,LTU,People using at least basic drinking water services (% of population),SH.H2O.BASW.ZS,94.7096082104,95.1863934869,95.6610178958,96.1335983943,96.6041369973,97.0737435855,97.5420681038,..,..,..
Lithuania,LTU,People using safely managed drinking water services (% of population),SH.H2O.SMDW.ZS,83.7511883982,85.5846047684,87.4301894857,89.2879550291,91.1578123546,91.6009435763,92.0428650083,..,..,..
Luxembourg,LUX,People using at least basic drinking water services (% of population),SH.H2O.BASW.ZS,100.000002201,99.9871990413,99.965245258,99.944601501,99.9251719959,99.9068714204,99.8896031911,..,..,..
Luxembourg,LUX,People using safely managed drinking water services (% of population),SH.H2O.SMDW.ZS,100.000002201,99.9549844388,99.9028977637,99.8540561004,99.8082179296,99.7651683364,99.7246762193,..,..,..
"Macao SAR, China",MAC,People using at least basic drinking water services (% of population),SH.H2O.BASW.ZS,100,100,100,100,100,100,100,..,..,..
"Macao SAR, China",MAC,People using safely managed drinking water services (% of population),SH.H2O.SMDW.ZS,84.1076470588,87.9913333333,91.8750196078,95.7587058824,99.6423921569,100,100,..,..,..
Madagascar,MDG,People using at least basic drinking water services (% of population),SH.H2O.BASW.ZS,47.2497952808,48.4147498325,49.5906490787,50.7779933021,51.9758290006,53.1846496294,54.4039816408,..,..,..
Madagascar,MDG,People using safely managed drinking water services (% of population),SH.H2O.SMDW.ZS,..,..,..,..,..,..,..,..,..,..
Malawi,MWI,People using at least basic drinking water services (% of population),SH.H2O.BASW.ZS,63.2786917927,64.2084385074,65.1371992672,66.0640591397,66.9893135048,67.911840109,68.8318767609,..,..,..
Malawi,MWI,People using safely managed drinking water services (% of population),SH.H2O.SMDW.ZS,..,..,..,..,..,..,..,..,..,..
Malaysia,MYS,People using at least basic drinking water services (% of population),SH.H2O.BASW.ZS,96.9033400744,96.8619888949,96.8234308988,96.7878332556,96.7548659628,96.7246158652,96.6959389054,..,..,..
Malaysia,MYS,People using safely managed drinking water services (% of population),SH.H2O.SMDW.ZS,93.2592411926,93.2665831237,93.2756971989,93.2869427439,93.2998126323,93.3145243581,93.3292784613,..,..,..
Maldives,MDV,People using at least basic drinking water services (% of population),SH.H2O.BASW.ZS,97.5368399295,97.9457800239,98.3498443951,98.7490042877,99.1432201845,99.2392118111,99.2562009879,..,..,..
Maldives,MDV,People using safely managed drinking water services (% of population),SH.H2O.SMDW.ZS,..,..,..,..,..,..,..,..,..,..
Mali,MLI,People using at least basic drinking water services (% of population),SH.H2O.BASW.ZS,68.045736043,69.7729065032,71.4907916075,73.1991017412,74.8970316352,76.5843496799,78.2608295773,..,..,..
Mali,MLI,People using safely managed drinking water services (% of population),SH.H2O.SMDW.ZS,..,..,..,..,..,..,..,..,..,..
Malta,MLT,People using at least basic drinking water services (% of population),SH.H2O.BASW.ZS,100.0000027354,100.0000036262,100.0000022532,100.0000017927,99.9999991079,99.9999982231,100.0000022135,..,..,..
Malta,MLT,People using safely managed drinking water services (% of population),SH.H2O.SMDW.ZS,100.0000027354,100.0000036262,100.0000022532,100.0000017927,99.9999991079,99.9999982231,100.0000022135,..,..,..
Marshall Islands,MHL,People using at least basic drinking water services (% of population),SH.H2O.BASW.ZS,82.0537518268,83.0668442246,84.1045666627,85.1659259319,86.2504770775,87.3574840871,88.4864378846,..,..,..
Marshall Islands,MHL,People using safely managed drinking water services (% of population),SH.H2O.SMDW.ZS,..,..,..,..,..,..,..,..,..,..
Mauritania,MRT,People using at least basic drinking water services (% of population),SH.H2O.BASW.ZS,59.5994641254,61.4303064313,63.2714511481,65.1194559733,66.9733068844,68.8320178372,70.6961876451,..,..,..
Mauritania,MRT,People using safely managed drinking water services (% of population),SH.H2O.SMDW.ZS,..,..,..,..,..,..,..,..,..,..
Mauritius,MUS,People using at least basic drinking water services (% of population),SH.H2O.BASW.ZS,99.7750217557,99.8207930926,99.8666919064,99.8665868606,99.8664818171,99.8663966506,99.8663313546,..,..,..
Mauritius,MUS,People using safely managed drinking water services (% of population),SH.H2O.SMDW.ZS,..,..,..,..,..,..,..,..,..,..
Mexico,MEX,People using at least basic drinking water services (% of population),SH.H2O.BASW.ZS,96.2935747392,96.8217268886,97.3448311947,97.8628879621,98.3757905568,98.8836793751,99.3182188903,..,..,..
Mexico,MEX,People using safely managed drinking water services (% of population),SH.H2O.SMDW.ZS,41.5647344079,41.7927091598,42.0185050305,42.2421221514,42.4635144944,42.682742661,42.8703098958,..,..,..
"Micronesia, Fed. Sts.",FSM,People using at least basic drinking water services (% of population),SH.H2O.BASW.ZS,80.9937533859,80.3869347937,79.7801162014,79.1732976092,78.566479017,78.566479017,78.566479017,..,..,..
"Micronesia, Fed. Sts.",FSM,People using safely managed drinking water services (% of population),SH.H2O.SMDW.ZS,..,..,..,..,..,..,..,..,..,..
Moldova,MDA,People using at least basic drinking water services (% of population),SH.H2O.BASW.ZS,86.8625098063,87.2260362081,87.5899907548,87.9543551348,88.317758697,88.6850614286,89.0556526527,..,..,..
Moldova,MDA,People using safely managed drinking water services (% of population),SH.H2O.SMDW.ZS,64.5938703156,67.0441154211,69.5215313784,72.026140816,72.302998398,72.5871766347,72.8779121047,..,..,..
Monaco,MCO,People using at least basic drinking water services (% of population),SH.H2O.BASW.ZS,100,100,100,100,100,100,100,..,..,..
Monaco,MCO,People using safely managed drinking water services (% of population),SH.H2O.SMDW.ZS,100,100,100,100,100,100,100,..,..,..
Mongolia,MNG,People using at least basic drinking water services (% of population),SH.H2O.BASW.ZS,77.8236631859,78.802019144,79.7889843888,80.7840684949,81.7881042567,82.800577607,83.3131150071,..,..,..
Mongolia,MNG,People using safely managed drinking water services (% of population),SH.H2O.SMDW.ZS,24.2831489643,24.1436776807,24.0072087427,23.8734580479,23.7428900077,23.6152061858,23.7220805653,..,..,..
Montenegro,MNE,People using at least basic drinking water services (% of population),SH.H2O.BASW.ZS,95.9743877709,96.0290852011,96.0082648267,96.3069935876,97.0646211591,97.0533559518,97.0420501094,..,..,..
Montenegro,MNE,People using safely managed drinking water services (% of population),SH.H2O.SMDW.ZS,89.803822004,90.5299758999,91.1870208768,91.843362045,92.49895125,93.047922725,93.5969206868,..,..,..
Morocco,MAR,People using at least basic drinking water services (% of population),SH.H2O.BASW.ZS,78.9572350487,80.5136122994,82.0601761222,83.596683656,85.1222045723,86.6364419437,86.7785126631,..,..,..
Morocco,MAR,People using safely managed drinking water services (% of population),SH.H2O.SMDW.ZS,65.4054942923,66.3519933249,67.2841847202,68.2026927813,69.1070814408,69.9979419167,70.2664398295,..,..,..
Mozambique,MOZ,People using at least basic drinking water services (% of population),SH.H2O.BASW.ZS,42.2759012344,44.497504895,46.7253337426,48.9591635937,51.1987759754,53.4439342451,55.6939756187,..,..,..
Mozambique,MOZ,People using safely managed drinking water services (% of population),SH.H2O.SMDW.ZS,..,..,..,..,..,..,..,..,..,..
Myanmar,MMR,People using at least basic drinking water services (% of population),SH.H2O.BASW.ZS,70.8041442235,73.2599550097,75.7521345944,78.2808100756,79.9147625359,80.8442636741,81.7740485262,..,..,..
Myanmar,MMR,People using safely managed drinking water services (% of population),SH.H2O.SMDW.ZS,..,..,..,..,..,..,..,..,..,..
Namibia,NAM,People using at least basic drinking water services (% of population),SH.H2O.BASW.ZS,80.4923622714,80.8459627971,81.1961001676,81.5427174882,81.8849353753,82.218057254,82.5410988715,..,..,..
Namibia,NAM,People using safely managed drinking water services (% of population),SH.H2O.SMDW.ZS,..,..,..,..,..,..,..,..,..,..
Nauru,NRU,People using at least basic drinking water services (% of population),SH.H2O.BASW.ZS,98.4941850118,98.7418723637,98.9895597156,99.2372470675,99.4849344194,99.4849344194,99.4849344194,..,..,..
Nauru,NRU,People using safely managed drinking water services (% of population),SH.H2O.SMDW.ZS,..,..,..,..,..,..,..,..,..,..
Nepal,NPL,People using at least basic drinking water services (% of population),SH.H2O.BASW.ZS,85.9130353711,86.4129317248,86.9063643673,87.3932623975,87.8733267446,88.3464059622,88.8122495224,..,..,..
Nepal,NPL,People using safely managed drinking water services (% of population),SH.H2O.SMDW.ZS,26.11691023,26.3071402539,26.4963124677,26.6846549847,26.8719092608,27.0581954751,27.2433528869,..,..,..
Netherlands,NLD,People using at least basic drinking water services (% of population),SH.H2O.BASW.ZS,100,100.0000021812,100.0000021747,100.0000007228,99.9999992793,99.9999992814,99.9999992835,..,..,..
Netherlands,NLD,People using safely managed drinking water services (% of population),SH.H2O.SMDW.ZS,99.9675675676,99.9642589372,99.9609481198,99.9576358576,99.954323604,99.9510127953,99.9510127973,..,..,..
New Caledonia,NCL,People using at least basic drinking water services (% of population),SH.H2O.BASW.ZS,97.6099008854,97.9536402261,98.2973795668,98.6411189075,98.9848582482,99.3285975889,99.3285975889,..,..,..
New Caledonia,NCL,People using safely managed drinking water services (% of population),SH.H2O.SMDW.ZS,93.6659409409,94.5103158525,95.3583019071,95.9918376423,96.3263449081,96.660852174,96.660852174,..,..,..
New Zealand,NZL,People using at least basic drinking water services (% of population),SH.H2O.BASW.ZS,100,100.0000013661,100,100.0000013365,100,99.9999986905,100,..,..,..
New Zealand,NZL,People using safely managed drinking water services (% of population),SH.H2O.SMDW.ZS,90.7751515152,92.8848497538,94.9945454545,97.1042437221,99.2139393939,99.9999986905,100,..,..,..
Nicaragua,NIC,People using at least basic drinking water services (% of population),SH.H2O.BASW.ZS,81.3517610553,81.3809360085,81.4118043417,81.4439857088,81.4735445827,81.5047405786,81.5247635351,..,..,..
Nicaragua,NIC,People using safely managed drinking water services (% of population),SH.H2O.SMDW.ZS,51.0521038091,51.1451486956,51.2387030732,51.3323888819,51.4265789718,51.5212747402,51.6005110394,..,..,..
Niger,NER,People using at least basic drinking water services (% of population),SH.H2O.BASW.ZS,45.5286323037,46.3417357129,47.1416120164,47.9350721681,48.7222694051,49.5015623709,50.2730650635,..,..,..
Niger,NER,People using safely managed drinking water services (% of population),SH.H2O.SMDW.ZS,..,..,..,..,..,..,..,..,..,..
Nigeria,NGA,People using at least basic drinking water services (% of population),SH.H2O.BASW.ZS,63.189551447,64.5673352183,65.9398060605,67.3070797129,68.6692709981,70.0255277529,71.3766307018,..,..,..
Nigeria,NGA,People using safely managed drinking water services (% of population),SH.H2O.SMDW.ZS,18.6673508573,18.9271094512,19.1804775711,19.427613858,19.6686747698,19.9035417358,20.132560483,..,..,..
North Macedonia,MKD,People using at least basic drinking water services (% of population),SH.H2O.BASW.ZS,94.7187679639,93.9482681392,93.1753110273,93.1695563296,93.1620512869,93.1526666552,93.1414628465,..,..,..
North Macedonia,MKD,People using safely managed drinking water services (% of population),SH.H2O.SMDW.ZS,89.4818640946,87.6832469749,85.8880044897,84.6502065622,83.4224002097,82.207481761,81.0079546885,..,..,..
Northern Mariana Islands,MNP,People using at least basic drinking water services (% of population),SH.H2O.BASW.ZS,99.1437669103,99.3528710298,99.5619751494,99.7710792689,99.9801833885,100,100,..,..,..
Northern Mariana Islands,MNP,People using safely managed drinking water services (% of population),SH.H2O.SMDW.ZS,87.1156859927,87.6927361453,88.271441885,88.851803212,89.4338201263,89.8474226804,90.2432989691,..,..,..
Norway,NOR,People using at least basic drinking water services (% of population),SH.H2O.BASW.ZS,99.9999987664,99.9999987822,99.9999975957,100,100,99.9999965154,100.0000046018,..,..,..
Norway,NOR,People using safely managed drinking water services (% of population),SH.H2O.SMDW.ZS,99.2368688023,99.0580889794,98.8793079674,98.700530504,98.5217506631,98.3429673954,98.3429753478,..,..,..
Oman,OMN,People using at least basic drinking water services (% of population),SH.H2O.BASW.ZS,85.7742449508,87.4049009872,88.9913147324,90.5371247094,91.5667997099,91.7599974338,91.9380784189,..,..,..
Oman,OMN,People using safely managed drinking water services (% of population),SH.H2O.SMDW.ZS,84.1124971531,85.7299058563,87.30409109,88.8386817142,89.8683996823,90.0799974768,90.2750384055,..,..,..
Pakistan,PAK,People using at least basic drinking water services (% of population),SH.H2O.BASW.ZS,89.4868001823,89.8210159631,90.1533922774,90.4840602158,90.8129869694,91.1401418048,91.465450733,..,..,..
Pakistan,PAK,People using safely managed drinking water services (% of population),SH.H2O.SMDW.ZS,36.6086265362,36.3985742979,36.1861033163,35.9714582124,35.7546325826,35.5356213863,35.3143465348,..,..,..
Palau,PLW,People using at least basic drinking water services (% of population),SH.H2O.BASW.ZS,97.1768926256,97.9121099068,98.6280939551,99.3255054487,99.721157467,100.0000044351,99.9999978055,..,..,..
Palau,PLW,People using safely managed drinking water services (% of population),SH.H2O.SMDW.ZS,..,..,..,..,..,..,..,..,..,..
Panama,PAN,People using at least basic drinking water services (% of population),SH.H2O.BASW.ZS,93.6704041982,94.0709941951,94.464165202,94.8821903851,95.4943440088,95.9794520327,96.3824189477,..,..,..
Panama,PAN,People using safely managed drinking water services (% of population),SH.H2O.SMDW.ZS,..,..,..,..,..,..,..,..,..,..
Papua New Guinea,PNG,People using at least basic drinking water services (% of population),SH.H2O.BASW.ZS,37.8642020089,38.4230705903,38.9894827823,39.5632593669,40.1442288697,40.732216964,41.3270494166,..,..,..
Papua New Guinea,PNG,People using safely managed drinking water services (% of population),SH.H2O.SMDW.ZS,..,..,..,..,..,..,..,..,..,..
Paraguay,PRY,People using at least basic drinking water services (% of population),SH.H2O.BASW.ZS,91.870828059,93.2438098169,94.5970071969,95.9342708699,97.2571447568,98.5657480716,99.6101977285,..,..,..
Paraguay,PRY,People using safely managed drinking water services (% of population),SH.H2O.SMDW.ZS,59.2296130143,60.0555714888,60.8655231191,61.6655487947,62.4589213876,63.2458987973,63.8945692803,..,..,..
Peru,PER,People using at least basic drinking water services (% of population),SH.H2O.BASW.ZS,87.8044898157,88.3702198733,88.9309655502,89.4870471208,90.0387245294,90.5855694828,91.127870971,..,..,..
Peru,PER,People using safely managed drinking water services (% of population),SH.H2O.SMDW.ZS,48.7507771845,49.0210431743,49.289557029,49.5567301252,49.8229567562,50.0874616344,50.3506516238,..,..,..
Philippines,PHL,People using at least basic drinking water services (% of population),SH.H2O.BASW.ZS,90.6000727925,91.0956156819,91.5908226923,92.0855035498,92.5798321378,93.0737123075,93.5683760399,..,..,..
Philippines,PHL,People using safely managed drinking water services (% of population),SH.H2O.SMDW.ZS,45.4060396323,45.6140672396,45.8219927935,46.0292537255,46.2364116769,46.4431850027,46.6540190971,..,..,..
Poland,POL,People using at least basic drinking water services (% of population),SH.H2O.BASW.ZS,97.7014984127,98.0349782812,98.3699563552,98.7063715198,99.0442707737,99.3838489264,99.7246825407,..,..,..
Poland,POL,People using safely managed drinking water services (% of population),SH.H2O.SMDW.ZS,95.8790297526,96.4122583838,96.9506202247,97.4940255468,98.0425909842,98.5968335777,99.1560687269,..,..,..
Portugal,PRT,People using at least basic drinking water services (% of population),SH.H2O.BASW.ZS,99.6840268686,99.7894277005,99.86824691,99.9031799693,99.9046875,99.9061840415,99.9076602092,..,..,..
Portugal,PRT,People using safely managed drinking water services (% of population),SH.H2O.SMDW.ZS,94.925733181,95.0616156508,95.1712250868,95.2378027872,95.2734073762,95.3086468559,95.3119078396,..,..,..
Puerto Rico,PRI,People using at least basic drinking water services (% of population),SH.H2O.BASW.ZS,97.1019747086,97.1057773675,97.1095800264,97.1133826854,97.1171853443,97.1209880033,97.1247906622,..,..,..
Puerto Rico,PRI,People using safely managed drinking water services (% of population),SH.H2O.SMDW.ZS,82.9528298225,85.5918066225,88.2309898526,90.8703795127,93.509975603,94.0864383996,94.084972555,..,..,..
Qatar,QAT,People using at least basic drinking water services (% of population),SH.H2O.BASW.ZS,99.9383002766,99.8766005532,99.8149008298,99.7532011064,99.691501383,99.6298016597,99.5681019363,..,..,..
Qatar,QAT,People using safely managed drinking water services (% of population),SH.H2O.SMDW.ZS,96.5403980672,96.4807961344,96.4211942016,96.3615922688,96.301990336,96.2423884032,96.1827864704,..,..,..
Romania,ROU,People using at least basic drinking water services (% of population),SH.H2O.BASW.ZS,100,100,100,100,100,100,100,..,..,..
Romania,ROU,People using safely managed drinking water services (% of population),SH.H2O.SMDW.ZS,81.9226015431,81.926563581,81.9160914764,81.9056204824,81.9019402535,81.9056200936,81.9158094955,..,..,..
Russian Federation,RUS,People using at least basic drinking water services (% of population),SH.H2O.BASW.ZS,96.3160112874,96.4443677147,96.5731889763,96.7024237719,96.8317209308,96.9609505827,97.0899112,..,..,..
Russian Federation,RUS,People using safely managed drinking water services (% of population),SH.H2O.SMDW.ZS,75.4339245686,75.5248547351,75.6189685717,75.7166788873,75.8173279209,75.9210530562,76.0277343475,..,..,..
Rwanda,RWA,People using at least basic drinking water services (% of population),SH.H2O.BASW.ZS,53.4422879745,54.1377330902,54.8363394045,55.5431414006,56.2584356263,56.9816187035,57.7132785349,..,..,..
Rwanda,RWA,People using safely managed drinking water services (% of population),SH.H2O.SMDW.ZS,..,..,..,..,..,..,..,..,..,..
Samoa,WSM,People using at least basic drinking water services (% of population),SH.H2O.BASW.ZS,94.7988346348,95.3361675708,95.872059815,96.4066724989,96.8984805224,97.3036457163,97.382595241,..,..,..
Samoa,WSM,People using safely managed drinking water services (% of population),SH.H2O.SMDW.ZS,58.13006287,58.2725173736,58.4130888929,58.551794239,58.6886413324,58.7722090229,58.8211063789,..,..,..
San Marino,SMR,People using at least basic drinking water services (% of population),SH.H2O.BASW.ZS,100,100,100,100,100,100,100,..,..,..
San Marino,SMR,People using safely managed drinking water services (% of population),SH.H2O.SMDW.ZS,100,100,100,100,100,100,100,..,..,..
Sao Tome and Principe,STP,People using at least basic drinking water services (% of population),SH.H2O.BASW.ZS,78.4526646473,79.706354292,80.9590555795,82.2114360893,83.4634853578,84.2008445902,84.2901599295,..,..,..
Sao Tome and Principe,STP,People using safely managed drinking water services (% of population),SH.H2O.SMDW.ZS,..,..,..,..,..,..,..,..,..,..
Saudi Arabia,SAU,People using at least basic drinking water services (% of population),SH.H2O.BASW.ZS,98.9800563899,99.1567675428,99.3334786956,99.5101898484,99.6869010013,99.8636121541,100,..,..,..
Saudi Arabia,SAU,People using safely managed drinking water services (% of population),SH.H2O.SMDW.ZS,..,..,..,..,..,..,..,..,..,..
Senegal,SEN,People using at least basic drinking water services (% of population),SH.H2O.BASW.ZS,73.3357904013,74.5681113389,75.7966535319,77.0211445169,78.2433412978,79.4623153358,80.6778538672,..,..,..
Senegal,SEN,People using safely managed drinking water services (% of population),SH.H2O.SMDW.ZS,..,..,..,..,..,..,..,..,..,..
Serbia,SRB,People using at least basic drinking water services (% of population),SH.H2O.BASW.ZS,89.3129575179,88.5551996127,87.7986653955,87.0420660532,86.2854920186,85.5288502031,85.5221162874,..,..,..
Serbia,SRB,People using safely managed drinking water services (% of population),SH.H2O.SMDW.ZS,74.6956866305,74.7018102139,74.7037430491,74.7058201045,74.707738457,74.7098016539,74.7295448047,..,..,..
Seychelles,SYC,People using at least basic drinking water services (% of population),SH.H2O.BASW.ZS,96.0297014716,96.2297279179,96.2393949614,96.2490125588,96.2490125588,96.2490125588,96.2490125588,..,..,..
Seychelles,SYC,People using safely managed drinking water services (% of population),SH.H2O.SMDW.ZS,..,..,..,..,..,..,..,..,..,..
Sierra Leone,SLE,People using at least basic drinking water services (% of population),SH.H2O.BASW.ZS,53.2275965308,54.5114762546,55.7867486026,57.0539555199,58.3126889028,59.5631432917,60.8069869359,..,..,..
Sierra Leone,SLE,People using safely managed drinking water services (% of population),SH.H2O.SMDW.ZS,7.7332901632,8.0761507694,8.4278384121,8.7882246797,9.1570027774,9.5339697632,9.9191266453,..,..,..
Singapore,SGP,People using at least basic drinking water services (% of population),SH.H2O.BASW.ZS,100,100,100,100,100,100,100,..,..,..
Singapore,SGP,People using safely managed drinking water services (% of population),SH.H2O.SMDW.ZS,100,100,100,100,100,100,100,..,..,..
Sint Maarten (Dutch part),SXM,People using at least basic drinking water services (% of population),SH.H2O.BASW.ZS,95.5,95.2870597766,95.0741195532,95.0741195532,95.0741195532,95.0741195532,95.0741195532,..,..,..
Sint Maarten (Dutch part),SXM,People using safely managed drinking water services (% of population),SH.H2O.SMDW.ZS,..,..,..,..,..,..,..,..,..,..
Slovak Republic,SVK,People using at least basic drinking water services (% of population),SH.H2O.BASW.ZS,98.9975445607,99.3758346924,99.520169029,99.7867507874,99.7871891333,99.7875169039,99.7877341102,..,..,..
Slovak Republic,SVK,People using safely managed drinking water services (% of population),SH.H2O.SMDW.ZS,98.5790425177,99.1245251397,99.267849162,99.4111731844,99.5544972067,99.6978212291,99.7877341102,..,..,..
Slovenia,SVN,People using at least basic drinking water services (% of population),SH.H2O.BASW.ZS,99.5515050932,99.5454648706,99.5393643174,99.5332089056,99.5337810717,99.5343825761,99.5350255054,..,..,..
Slovenia,SVN,People using safely managed drinking water services (% of population),SH.H2O.SMDW.ZS,91.390363207,92.6791806874,93.9677841353,95.2561764342,96.5509346235,97.8457365327,98.052972539,..,..,..
Solomon Islands,SLB,People using at least basic drinking water services (% of population),SH.H2O.BASW.ZS,72.6348268995,71.7835319215,70.9490704029,70.1311315535,69.3299175539,68.5447998701,67.7759572096,..,..,..
Solomon Islands,SLB,People using safely managed drinking water services (% of population),SH.H2O.SMDW.ZS,..,..,..,..,..,..,..,..,..,..
Somalia,SOM,People using at least basic drinking water services (% of population),SH.H2O.BASW.ZS,42.3138946345,44.0736504828,45.8012752882,47.4993097917,49.1698624145,50.8151064208,52.4361890663,..,..,..
Somalia,SOM,People using safely managed drinking water services (% of population),SH.H2O.SMDW.ZS,..,..,..,..,..,..,..,..,..,..
South Africa,ZAF,People using at least basic drinking water services (% of population),SH.H2O.BASW.ZS,90.0914658258,90.5458416205,90.990497309,91.4261995708,91.8527806799,92.2703121611,92.6787019365,..,..,..
South Africa,ZAF,People using safely managed drinking water services (% of population),SH.H2O.SMDW.ZS,..,..,..,..,..,..,..,..,..,..
South Sudan,SSD,People using at least basic drinking water services (% of population),SH.H2O.BASW.ZS,41.0864380157,41.0937935472,41.0684162414,41.0119328159,40.9265315497,40.8139045851,40.6760121502,..,..,..
South Sudan,SSD,People using safely managed drinking water services (% of population),SH.H2O.SMDW.ZS,..,..,..,..,..,..,..,..,..,..
Spain,ESP,People using at least basic drinking water services (% of population),SH.H2O.BASW.ZS,100.0000020818,99.9861692962,99.9566352698,99.9269376974,99.9267246468,99.9265055609,99.9262783084,..,..,..
Spain,ESP,People using safely managed drinking water services (% of population),SH.H2O.SMDW.ZS,98.6286326972,98.5959063876,98.5477054328,98.4993545421,98.4800726582,98.4607849087,98.4414891976,..,..,..
Sri Lanka,LKA,People using at least basic drinking water services (% of population),SH.H2O.BASW.ZS,85.9444675906,86.5204458425,87.0978334685,87.6764433547,88.2559676381,88.835984616,89.4162924258,..,..,..
Sri Lanka,LKA,People using safely managed drinking water services (% of population),SH.H2O.SMDW.ZS,..,..,..,..,..,..,..,..,..,..
St. Kitts and Nevis,KNA,People using at least basic drinking water services (% of population),SH.H2O.BASW.ZS,98.9676020408,98.9676020408,98.9676020408,..,..,..,..,..,..,..
St. Kitts and Nevis,KNA,People using safely managed drinking water services (% of population),SH.H2O.SMDW.ZS,..,..,..,..,..,..,..,..,..,..
St. Lucia,LCA,People using at least basic drinking water services (% of population),SH.H2O.BASW.ZS,95.8390686176,96.6442535586,97.4260781736,98.1625504689,98.1624052829,98.1622264883,98.1620014171,..,..,..
St. Lucia,LCA,People using safely managed drinking water services (% of population),SH.H2O.SMDW.ZS,..,..,..,..,..,..,..,..,..,..
St. Martin (French part),MAF,People using at least basic drinking water services (% of population),SH.H2O.BASW.ZS,..,..,..,..,..,..,..,..,..,..
St. Martin (French part),MAF,People using safely managed drinking water services (% of population),SH.H2O.SMDW.ZS,..,..,..,..,..,..,..,..,..,..
St. Vincent and the Grenadines,VCT,People using at least basic drinking water services (% of population),SH.H2O.BASW.ZS,94.7180648373,94.8604498583,95.0028348792,95.1452199002,95.1452199002,95.1452199002,95.1452199002,..,..,..
St. Vincent and the Grenadines,VCT,People using safely managed drinking water services (% of population),SH.H2O.SMDW.ZS,..,..,..,..,..,..,..,..,..,..
Sudan,SDN,People using at least basic drinking water services (% of population),SH.H2O.BASW.ZS,53.2777977658,54.6902966034,56.1067191977,57.5266331175,58.9502534147,60.2158850425,60.2670911611,..,..,..
Sudan,SDN,People using safely managed drinking water services (% of population),SH.H2O.SMDW.ZS,..,..,..,..,..,..,..,..,..,..
Suriname,SUR,People using at least basic drinking water services (% of population),SH.H2O.BASW.ZS,93.131878626,93.4438101489,93.8344849412,94.2283941193,94.439038337,94.5193981187,95.4247449667,..,..,..
Suriname,SUR,People using safely managed drinking water services (% of population),SH.H2O.SMDW.ZS,..,..,..,..,..,..,..,..,..,..
Sweden,SWE,People using at least basic drinking water services (% of population),SH.H2O.BASW.ZS,99.9999974208,99.9999974411,99.9999961914,99.9999962205,100.0000025005,99.9999962774,100.0000024634,..,..,..
Sweden,SWE,People using safely managed drinking water services (% of population),SH.H2O.SMDW.ZS,99.9399974224,99.9399974427,99.9399961936,99.9399962228,99.940002499,99.9399962796,99.9400024619,..,..,..
Switzerland,CHE,People using at least basic drinking water services (% of population),SH.H2O.BASW.ZS,100,100,100,100,99.9999970655,100,100.0000028804,..,..,..
Switzerland,CHE,People using safely managed drinking water services (% of population),SH.H2O.SMDW.ZS,94.7378378378,94.977027027,95.2162162162,95.4554054054,95.4554026043,95.4554054054,95.4554081549,..,..,..
Syrian Arab Republic,SYR,People using at least basic drinking water services (% of population),SH.H2O.BASW.ZS,96.4989525578,96.5701107871,96.6476441848,96.7314669949,96.897385886,97.059075058,97.2165062081,..,..,..
Syrian Arab Republic,SYR,People using safely managed drinking water services (% of population),SH.H2O.SMDW.ZS,..,..,..,..,..,..,..,..,..,..
Tajikistan,TJK,People using at least basic drinking water services (% of population),SH.H2O.BASW.ZS,71.934537551,73.4481802353,74.9748815677,76.5141931894,78.0647871663,79.6258495197,81.1962748016,..,..,..
Tajikistan,TJK,People using safely managed drinking water services (% of population),SH.H2O.SMDW.ZS,46.3744741525,46.6917721533,46.9811465163,47.2431522018,47.4778328929,47.6856786173,47.8670483679,..,..,..
Tanzania,TZA,People using at least basic drinking water services (% of population),SH.H2O.BASW.ZS,45.6173824092,47.4391273959,49.2741788651,51.120921409,52.9790877187,54.8475367969,56.7264503174,..,..,..
Tanzania,TZA,People using safely managed drinking water services (% of population),SH.H2O.SMDW.ZS,..,..,..,..,..,..,..,..,..,..
Thailand,THA,People using at least basic drinking water services (% of population),SH.H2O.BASW.ZS,98.1078415451,98.449023755,98.7843615329,99.111232163,99.2902160015,99.3738050764,99.9307115766,..,..,..
Thailand,THA,People using safely managed drinking water services (% of population),SH.H2O.SMDW.ZS,..,..,..,..,..,..,..,..,..,..
Timor-Leste,TLS,People using at least basic drinking water services (% of population),SH.H2O.BASW.ZS,65.9370163712,68.0497669441,70.1864531725,72.3470819316,74.5313415881,76.6593915136,78.3438657438,..,..,..
Timor-Leste,TLS,People using safely managed drinking water services (% of population),SH.H2O.SMDW.ZS,..,..,..,..,..,..,..,..,..,..
Togo,TGO,People using at least basic drinking water services (% of population),SH.H2O.BASW.ZS,58.4266781651,59.555145551,60.6782005529,61.7966733101,62.910551429,64.0214393525,65.1288401879,..,..,..
Togo,TGO,People using safely managed drinking water services (% of population),SH.H2O.SMDW.ZS,..,..,..,..,..,..,..,..,..,..
Tonga,TON,People using at least basic drinking water services (% of population),SH.H2O.BASW.ZS,99.4801495273,99.6222514678,99.7644710958,99.9065467755,99.9066446265,99.906737068,99.9068277451,..,..,..
Tonga,TON,People using safely managed drinking water services (% of population),SH.H2O.SMDW.ZS,..,..,..,..,..,..,..,..,..,..
Trinidad and Tobago,TTO,People using at least basic drinking water services (% of population),SH.H2O.BASW.ZS,96.7637715902,97.211035121,98.1849620594,98.1849620594,98.1849620594,98.1849620594,98.1849620594,..,..,..
Trinidad and Tobago,TTO,People using safely managed drinking water services (% of population),SH.H2O.SMDW.ZS,..,..,..,..,..,..,..,..,..,..
Tunisia,TUN,People using at least basic drinking water services (% of population),SH.H2O.BASW.ZS,93.2312698072,93.9987576093,94.7626169783,95.4572781144,95.7265506012,95.9924029844,96.2547036371,..,..,..
Tunisia,TUN,People using safely managed drinking water services (% of population),SH.H2O.SMDW.ZS,90.8525102191,91.2178492109,91.5796505589,91.8739869975,92.138053362,92.3992732676,92.6575245358,..,..,..
Turkey,TUR,People using at least basic drinking water services (% of population),SH.H2O.BASW.ZS,98.1338992769,98.3425165889,98.5424010543,98.7338684678,98.8972222988,98.8808735966,98.8757181526,..,..,..
Turkey,TUR,People using safely managed drinking water services (% of population),SH.H2O.SMDW.ZS,..,..,..,..,..,..,..,..,..,..
Turkmenistan,TKM,People using at least basic drinking water services (% of population),SH.H2O.BASW.ZS,95.3599034225,96.0941541824,96.8255787046,97.5281223116,98.2222950756,98.7037235907,98.8143279841,..,..,..
Turkmenistan,TKM,People using safely managed drinking water services (% of population),SH.H2O.SMDW.ZS,84.5480956706,86.5448868812,88.5606805755,90.2360924645,91.7130974974,93.0056011287,93.9039915635,..,..,..
Turks and Caicos Islands,TCA,People using at least basic drinking water services (% of population),SH.H2O.BASW.ZS,92.6409090909,93.2,93.7590909091,94.3181818182,94.3181818182,94.3181818182,94.3181818182,..,..,..
Turks and Caicos Islands,TCA,People using safely managed drinking water services (% of population),SH.H2O.SMDW.ZS,..,..,..,..,..,..,..,..,..,..
Tuvalu,TUV,People using at least basic drinking water services (% of population),SH.H2O.BASW.ZS,98.8064559981,98.9545199715,99.1025119881,99.2502880004,99.2578400027,99.2651600131,99.2722400038,..,..,..
Tuvalu,TUV,People using safely managed drinking water services (% of population),SH.H2O.SMDW.ZS,..,..,..,..,..,..,..,..,..,..
Uganda,UGA,People using at least basic drinking water services (% of population),SH.H2O.BASW.ZS,40.6594192727,42.0327661277,43.4202292323,44.8225842526,46.2382249933,47.665631321,49.1040323869,..,..,..
Uganda,UGA,People using safely managed drinking water services (% of population),SH.H2O.SMDW.ZS,6.3208961822,6.4535830249,6.5831107143,6.7097168641,6.8327269234,6.9515297819,7.0658002999,..,..,..
Ukraine,UKR,People using at least basic drinking water services (% of population),SH.H2O.BASW.ZS,94.6204545548,94.1647631623,94.0283952691,93.5892114,93.6569049036,93.7240786458,93.7908201107,..,..,..
Ukraine,UKR,People using safely managed drinking water services (% of population),SH.H2O.SMDW.ZS,87.1797051441,89.7595015244,92.1177922162,91.8117534672,91.8772694173,91.9422660451,92.0068567305,..,..,..
United Arab Emirates,ARE,People using at least basic drinking water services (% of population),SH.H2O.BASW.ZS,95.8510956088,95.8684214309,95.8857522462,96.131781624,96.7694605474,97.4073688254,98.0455065574,..,..,..
United Arab Emirates,ARE,People using safely managed drinking water services (% of population),SH.H2O.SMDW.ZS,..,..,..,..,..,..,..,..,..,..
United Kingdom,GBR,People using at least basic drinking water services (% of population),SH.H2O.BASW.ZS,99.9999984696,99.9999984801,99.9999984893,99.9999969959,99.9999985067,100,100.0000014756,..,..,..
United Kingdom,GBR,People using safely managed drinking water services (% of population),SH.H2O.SMDW.ZS,99.9814429144,99.9832762581,99.9851096006,99.9869414408,99.9887762847,99.9887777778,99.9887792532,..,..,..
United States,USA,People using at least basic drinking water services (% of population),SH.H2O.BASW.ZS,99.2380175689,99.242915087,99.2479549641,99.2531017596,99.2583628831,99.2637093637,99.2691920709,..,..,..
United States,USA,People using safely managed drinking water services (% of population),SH.H2O.SMDW.ZS,98.9706873905,98.9755717156,98.9805980161,98.985730947,98.9909778979,98.996309976,99.0017779138,..,..,..
Uruguay,URY,People using at least basic drinking water services (% of population),SH.H2O.BASW.ZS,98.5637028562,98.7252151493,98.8800673113,99.0312163991,99.1787759808,99.3228917552,99.4023635005,..,..,..
Uruguay,URY,People using safely managed drinking water services (% of population),SH.H2O.SMDW.ZS,..,..,..,..,..,..,..,..,..,..
Uzbekistan,UZB,People using at least basic drinking water services (% of population),SH.H2O.BASW.ZS,96.470837048,96.7986709502,97.1273123928,97.3753720285,97.5285782811,97.6812708223,97.8334527097,..,..,..
Uzbekistan,UZB,People using safely managed drinking water services (% of population),SH.H2O.SMDW.ZS,58.5951235976,58.685015084,58.7750222351,58.835909252,58.8588351797,58.8814668126,58.9038053495,..,..,..
Vanuatu,VUT,People using at least basic drinking water services (% of population),SH.H2O.BASW.ZS,87.1886132113,87.8900830168,88.5904940132,89.289858146,89.9881713545,90.661523789,91.2568039495,..,..,..
Vanuatu,VUT,People using safely managed drinking water services (% of population),SH.H2O.SMDW.ZS,42.1624998979,42.501819035,42.8406223221,43.1789155429,43.5166967336,43.8424757068,44.1303256181,..,..,..
"Venezuela, RB",VEN,People using at least basic drinking water services (% of population),SH.H2O.BASW.ZS,96.0516446461,95.9969890916,95.9423335372,95.8876779827,95.8330224282,95.7783668737,95.7237113192,..,..,..
"Venezuela, RB",VEN,People using safely managed drinking water services (% of population),SH.H2O.SMDW.ZS,..,..,..,..,..,..,..,..,..,..
Vietnam,VNM,People using at least basic drinking water services (% of population),SH.H2O.BASW.ZS,89.4605494708,90.2587104615,91.0470989554,92.2763439216,93.1988685406,93.9901225136,94.7188056062,..,..,..
Vietnam,VNM,People using safely managed drinking water services (% of population),SH.H2O.SMDW.ZS,..,..,..,..,..,..,..,..,..,..
Virgin Islands (U.S.),VIR,People using at least basic drinking water services (% of population),SH.H2O.BASW.ZS,98.7182945651,98.7182891273,98.7182836894,98.7182782516,98.7182728137,98.7182673759,98.7182673759,..,..,..
Virgin Islands (U.S.),VIR,People using safely managed drinking water services (% of population),SH.H2O.SMDW.ZS,..,..,..,..,..,..,..,..,..,..
West Bank and Gaza,PSE,People using at least basic drinking water services (% of population),SH.H2O.BASW.ZS,94.7063015839,95.0618258899,95.4165644265,95.770483149,96.1235270467,96.4756679393,96.8268962442,..,..,..
West Bank and Gaza,PSE,People using safely managed drinking water services (% of population),SH.H2O.SMDW.ZS,..,..,..,..,..,..,..,..,..,..
"Yemen, Rep.",YEM,People using at least basic drinking water services (% of population),SH.H2O.BASW.ZS,55.8604837381,57.7224609986,59.5662386994,61.3909404202,63.1718067954,63.3220338643,63.4734743406,..,..,..
"Yemen, Rep.",YEM,People using safely managed drinking water services (% of population),SH.H2O.SMDW.ZS,..,..,..,..,..,..,..,..,..,..
Zambia,ZMB,People using at least basic drinking water services (% of population),SH.H2O.BASW.ZS,56.4023660959,56.9853850174,57.5609078939,58.1280011043,58.6875203731,59.2385641024,59.9637565088,..,..,..
Zambia,ZMB,People using safely managed drinking water services (% of population),SH.H2O.SMDW.ZS,..,..,..,..,..,..,..,..,..,..
Zimbabwe,ZWE,People using at least basic drinking water services (% of population),SH.H2O.BASW.ZS,67.0002860584,66.4872626898,65.9741714275,65.4733813414,64.9858310221,64.5116160376,64.0512297035,..,..,..
Zimbabwe,ZWE,People using safely managed drinking water services (% of population),SH.H2O.SMDW.ZS,..,..,..,..,..,..,..,..,..,..
